id|school|sex|age|address|famsize|Pstatus|Medu|Fedu|Mjob|Fjob|reason|guardian|traveltime|studytime|failures|schoolsup|famsup|paid|activities|nursery|higher|internet|romantic|famrel|freetime|goout|Dalc|Walc|health|absences|pass
465|MS|F|18|U|GT3|T|1|2|other|other|course|father|1|2|1|no|yes|no|yes|yes|yes|yes|yes|3|4|4|2|3|5|9|False
174|GP|M|17|R|LE3|T|2|1|at_home|other|course|mother|2|1|1|no|no|yes|yes|yes|no|yes|yes|3|3|2|2|2|5|8|False
502|MS|M|17|R|LE3|T|2|2|services|services|other|mother|3|4|1|no|yes|no|no|yes|yes|no|no|1|3|5|3|5|3|2|False
579|MS|M|18|U|LE3|T|1|3|at_home|services|course|mother|1|1|0|no|no|no|no|yes|no|yes|yes|4|3|3|2|3|3|0|False
530|MS|M|17|U|GT3|T|3|3|services|services|home|mother|1|1|0|no|yes|no|yes|yes|yes|yes|no|4|1|4|5|5|3|8|False
478|MS|F|16|R|GT3|T|1|1|at_home|other|course|father|2|2|3|yes|yes|no|no|yes|yes|no|no|3|4|3|1|1|1|0|False
569|MS|M|18|U|GT3|T|3|3|at_home|at_home|course|mother|1|2|2|no|yes|no|yes|yes|no|yes|no|4|4|5|1|3|3|9|False
125|GP|M|15|U|GT3|T|3|4|services|services|home|father|1|1|0|yes|no|no|no|yes|yes|yes|no|5|5|5|3|2|5|2|False
588|MS|F|17|U|GT3|T|4|1|health|at_home|course|mother|1|1|0|no|yes|no|no|yes|yes|no|yes|3|2|2|1|1|5|0|False
441|MS|M|17|U|GT3|T|1|1|other|other|home|mother|1|2|0|no|no|yes|no|no|yes|yes|no|4|4|3|2|4|5|4|False
646|MS|F|18|U|GT3|T|1|1|other|other|course|mother|2|2|0|no|no|no|yes|yes|yes|no|no|1|1|1|1|1|5|6|False
168|GP|M|15|R|GT3|T|2|3|at_home|services|course|mother|1|2|0|yes|no|yes|yes|yes|yes|no|no|4|4|4|1|1|1|0|False
632|MS|F|19|R|GT3|T|1|1|at_home|other|course|other|2|2|1|no|yes|no|no|yes|yes|yes|yes|4|3|3|1|1|3|4|False
583|MS|F|18|R|GT3|T|2|2|other|other|other|mother|2|1|1|no|no|no|no|yes|no|yes|yes|5|5|5|1|1|3|0|False
248|GP|M|16|U|LE3|T|1|1|other|other|home|mother|2|2|0|no|yes|no|no|yes|yes|yes|no|3|4|2|1|1|5|2|False
52|GP|M|15|U|LE3|A|4|2|health|health|other|father|2|1|0|no|no|no|no|yes|yes|no|no|5|5|5|3|4|5|4|False
512|MS|F|18|R|GT3|T|1|1|at_home|other|other|mother|1|2|1|no|yes|no|no|yes|yes|yes|yes|4|3|2|1|1|5|9|False
175|GP|M|17|R|GT3|T|3|2|other|other|course|mother|2|2|2|yes|yes|no|no|yes|yes|yes|yes|4|4|4|1|4|3|4|False
637|MS|M|18|R|GT3|T|2|1|other|other|other|mother|2|1|0|no|no|no|yes|no|yes|yes|yes|4|4|3|1|3|5|0|False
150|GP|F|15|U|GT3|A|3|3|services|services|home|mother|1|2|0|no|no|no|no|no|yes|no|yes|1|3|2|2|3|1|24|False
370|GP|F|19|U|LE3|A|1|1|other|other|course|other|3|2|2|no|yes|no|no|no|yes|yes|yes|5|3|4|1|1|4|2|False
519|MS|M|16|R|GT3|T|2|1|other|services|reputation|mother|2|2|0|no|no|no|yes|yes|yes|yes|no|5|2|1|1|1|2|0|False
629|MS|F|17|R|GT3|T|1|2|other|other|course|mother|1|1|0|no|no|no|yes|yes|yes|yes|no|3|5|5|1|3|1|4|False
284|GP|M|18|U|GT3|T|2|1|services|services|other|mother|1|1|2|no|no|no|no|no|no|yes|no|3|2|5|2|5|5|4|False
500|MS|M|17|U|GT3|T|1|2|other|other|course|father|1|1|1|no|yes|no|yes|yes|no|yes|yes|5|3|5|5|5|1|12|False
81|GP|M|15|U|GT3|T|2|3|other|other|home|mother|1|3|0|yes|no|no|no|no|yes|yes|no|5|3|2|1|2|5|2|False
570|MS|M|16|R|GT3|T|2|2|services|services|course|mother|2|1|0|no|yes|no|yes|yes|yes|yes|yes|5|4|3|2|4|4|6|False
262|GP|F|17|R|LE3|A|1|4|other|other|course|other|4|1|1|no|yes|no|no|yes|yes|yes|no|5|5|4|1|1|5|14|False
239|GP|F|18|R|GT3|T|3|1|other|other|reputation|mother|1|2|0|no|no|no|yes|yes|yes|yes|yes|5|3|3|1|1|4|4|False
279|GP|M|22|U|GT3|T|3|1|services|services|other|mother|1|1|3|no|no|no|no|no|no|yes|yes|5|4|5|5|5|1|12|False
179|GP|M|17|U|GT3|T|3|2|services|services|course|mother|2|1|3|no|yes|no|yes|no|no|no|no|4|5|2|1|1|2|10|False
172|GP|M|16|U|GT3|T|3|3|other|services|course|father|1|2|1|no|yes|no|no|yes|yes|yes|yes|4|5|5|4|4|5|0|False
482|MS|F|15|R|LE3|T|1|1|at_home|other|course|mother|2|1|0|no|yes|no|no|yes|no|no|yes|5|2|1|1|3|4|0|False
640|MS|M|18|R|GT3|T|4|2|other|other|home|father|2|1|1|no|no|yes|no|yes|yes|no|no|5|4|3|4|3|3|0|False
494|MS|F|16|R|LE3|T|1|2|at_home|other|course|mother|1|2|0|no|no|no|yes|yes|no|yes|no|4|4|5|1|3|3|0|False
100|GP|M|16|U|GT3|T|4|4|services|services|other|mother|1|1|0|yes|yes|no|yes|yes|yes|yes|no|4|5|5|5|5|4|12|False
155|GP|M|17|U|GT3|T|2|1|other|other|home|mother|1|1|0|no|yes|no|no|yes|yes|yes|no|5|4|5|1|2|5|22|False
524|MS|F|16|R|LE3|T|3|4|at_home|other|other|mother|3|2|0|no|yes|no|no|no|yes|no|no|4|2|1|1|1|2|2|False
603|MS|F|18|R|LE3|A|4|2|teacher|other|reputation|mother|1|2|0|no|no|no|yes|yes|yes|yes|yes|5|3|1|1|1|5|0|False
605|MS|F|19|U|GT3|T|1|1|at_home|services|other|father|2|1|1|no|no|no|no|yes|no|no|no|5|5|5|2|3|2|0|False
528|MS|F|17|R|GT3|T|2|2|at_home|other|other|mother|1|1|0|no|yes|yes|no|yes|yes|yes|no|5|1|3|1|2|5|5|False
590|MS|F|18|U|GT3|T|1|1|other|other|course|mother|3|2|2|no|no|no|yes|yes|yes|no|yes|3|4|4|2|2|5|3|False
455|MS|F|15|U|GT3|T|2|1|at_home|other|home|mother|1|2|0|yes|yes|no|no|no|yes|yes|no|4|4|2|3|3|2|0|False
545|MS|M|17|U|GT3|T|3|4|services|other|other|mother|1|2|1|no|yes|no|yes|no|yes|yes|yes|5|4|4|3|4|5|8|False
440|MS|M|16|U|GT3|T|1|1|at_home|services|home|mother|2|2|0|no|yes|no|yes|yes|yes|no|yes|5|4|5|4|5|3|0|False
256|GP|M|18|U|GT3|T|2|2|other|at_home|course|other|1|1|1|no|yes|no|yes|no|no|yes|yes|4|4|3|2|2|1|26|False
508|MS|M|17|R|GT3|T|2|2|other|other|course|mother|3|1|1|no|yes|no|no|no|yes|yes|no|4|4|5|1|2|5|0|False
626|MS|F|18|R|GT3|T|4|4|other|teacher|other|father|3|2|0|no|yes|no|no|no|yes|yes|yes|3|2|2|4|2|5|0|False
572|MS|F|16|U|GT3|A|3|2|services|at_home|course|mother|2|2|2|no|yes|no|yes|yes|yes|no|yes|2|5|5|1|1|1|8|False
177|GP|M|16|U|GT3|T|1|3|at_home|services|course|father|1|1|1|no|no|no|no|yes|no|yes|no|5|3|3|1|4|2|2|False
14|GP|M|15|U|GT3|A|2|2|other|other|home|other|1|3|0|no|yes|no|no|yes|yes|yes|yes|4|5|2|1|1|3|0|True
266|GP|F|17|U|LE3|A|4|2|teacher|other|course|mother|1|2|0|no|yes|no|yes|yes|yes|no|no|4|3|2|1|1|4|4|True
67|GP|F|16|U|GT3|T|3|1|services|other|course|mother|1|4|0|yes|yes|no|no|yes|yes|yes|no|4|3|3|1|2|5|0|True
97|GP|F|16|U|GT3|T|2|1|other|other|course|mother|1|2|0|no|yes|no|no|yes|yes|no|yes|4|3|5|1|1|5|0|True
642|MS|F|17|U|GT3|T|4|3|teacher|other|other|mother|2|2|0|no|no|no|no|yes|yes|yes|no|5|5|4|1|1|1|0|True
59|GP|F|16|U|GT3|T|4|2|services|other|course|mother|1|2|0|no|yes|yes|no|yes|yes|yes|no|4|2|3|1|1|5|2|True
526|MS|F|17|R|GT3|T|4|1|other|other|other|mother|1|1|0|no|no|no|no|yes|yes|yes|yes|4|2|3|1|2|5|1|True
480|MS|F|19|U|GT3|T|2|3|at_home|services|course|other|1|1|1|no|no|no|no|yes|no|yes|yes|4|4|4|1|1|2|0|True
416|GP|M|17|U|LE3|A|3|2|other|other|reputation|mother|1|2|0|no|yes|no|no|yes|yes|yes|no|4|4|4|1|2|5|10|True
427|MS|F|16|R|GT3|T|2|3|at_home|services|course|mother|2|2|0|no|no|no|no|yes|yes|no|no|4|5|2|1|2|5|0|True
280|GP|M|18|R|LE3|T|3|3|other|services|course|mother|1|2|0|no|yes|no|no|yes|yes|yes|yes|4|3|3|1|3|5|8|True
50|GP|F|16|U|LE3|T|2|2|services|services|course|mother|3|2|0|no|yes|no|no|yes|yes|yes|no|4|3|3|2|3|4|0|True
641|MS|F|18|R|GT3|T|2|2|at_home|other|other|mother|2|3|0|no|no|no|no|yes|yes|no|no|5|3|3|1|3|4|0|True
203|GP|M|17|R|GT3|T|1|2|at_home|other|home|mother|1|2|0|no|no|no|no|yes|yes|no|no|3|1|3|1|5|3|6|True
157|GP|F|15|U|LE3|A|2|1|at_home|other|home|mother|2|1|0|no|yes|no|yes|yes|no|yes|yes|4|4|2|1|1|5|0|True
381|GP|F|17|U|GT3|T|4|4|teacher|teacher|course|mother|2|3|0|no|yes|no|no|no|yes|yes|yes|4|3|3|1|2|4|4|True
137|GP|F|16|U|GT3|A|2|2|other|other|home|mother|1|1|1|no|no|no|no|yes|yes|no|no|5|3|4|1|1|5|12|True
355|GP|F|17|U|GT3|T|2|3|other|other|course|father|2|2|0|no|no|no|yes|yes|yes|yes|yes|4|2|1|1|1|3|2|True
55|GP|F|16|U|GT3|A|2|1|other|other|other|mother|1|2|0|no|no|no|yes|yes|yes|yes|yes|5|3|4|1|1|2|2|True
194|GP|M|16|U|GT3|T|4|3|teacher|other|home|mother|1|2|0|no|yes|yes|yes|yes|yes|yes|no|3|4|3|2|3|3|4|True
396|GP|M|18|U|LE3|T|3|4|services|other|home|mother|1|2|0|no|no|no|yes|yes|yes|yes|yes|4|3|3|1|3|5|6|True
525|MS|M|17|U|LE3|T|4|4|other|services|home|mother|1|3|0|no|yes|no|no|yes|yes|yes|no|4|4|3|1|2|5|0|True
37|GP|M|16|R|GT3|A|4|4|other|teacher|reputation|mother|2|3|0|no|yes|no|yes|yes|yes|yes|yes|2|4|3|1|1|5|4|True
564|MS|M|16|R|GT3|T|3|2|services|other|course|father|2|1|0|no|no|no|no|yes|yes|yes|no|4|5|5|2|3|5|2|True
119|GP|M|15|U|GT3|T|3|4|other|other|reputation|father|1|1|0|no|no|no|no|yes|yes|yes|no|3|4|3|1|2|4|2|True
126|GP|F|15|U|LE3|A|3|4|other|other|home|mother|1|2|0|yes|no|no|yes|yes|yes|yes|yes|5|3|2|1|1|1|0|True
23|GP|M|16|U|LE3|T|2|2|other|other|reputation|mother|2|2|0|no|yes|no|yes|yes|yes|yes|no|5|4|4|2|4|5|2|True
294|GP|F|18|R|GT3|T|2|2|other|other|home|mother|1|2|0|yes|no|no|no|yes|yes|no|no|3|2|3|1|1|5|4|True
505|MS|F|17|R|GT3|T|1|1|at_home|other|reputation|mother|2|1|0|no|yes|no|yes|no|yes|yes|yes|4|4|5|1|2|5|0|True
62|GP|F|16|U|LE3|T|1|2|other|services|reputation|father|1|2|0|yes|no|no|yes|yes|yes|yes|no|4|4|3|1|1|1|0|True
321|GP|F|17|U|GT3|T|2|2|other|services|reputation|father|3|3|0|no|yes|no|no|yes|yes|yes|yes|4|2|3|1|1|1|8|True
380|GP|F|17|U|GT3|T|4|4|teacher|services|course|mother|1|3|0|no|yes|no|yes|yes|yes|yes|no|5|4|4|1|3|4|0|True
106|GP|F|15|U|GT3|T|2|2|other|other|course|mother|1|4|0|yes|yes|no|no|yes|yes|yes|no|5|1|2|1|1|3|4|True
421|GP|F|20|U|GT3|T|1|0|other|other|reputation|mother|2|1|1|yes|no|no|no|yes|yes|yes|yes|5|3|1|1|1|5|5|True
79|GP|F|16|U|GT3|T|3|4|at_home|other|course|mother|1|2|0|no|yes|no|no|yes|yes|yes|no|2|4|3|1|2|3|14|True
69|GP|F|15|R|LE3|T|3|1|other|other|reputation|father|2|4|0|no|yes|no|no|no|yes|yes|no|4|4|2|2|3|3|6|True
4|GP|F|16|U|GT3|T|3|3|other|other|home|father|1|2|0|no|yes|no|no|yes|yes|no|no|4|3|2|1|2|5|0|True
260|GP|F|16|U|GT3|T|1|2|other|other|course|mother|1|1|0|no|no|no|no|yes|no|yes|no|5|3|5|1|2|5|4|True
136|GP|M|16|U|GT3|T|2|1|at_home|other|course|mother|4|1|0|no|no|no|no|yes|yes|no|no|3|2|1|1|1|2|4|True
628|MS|F|17|U|GT3|T|2|2|other|at_home|home|mother|1|3|0|no|no|no|yes|yes|yes|no|yes|3|4|3|1|1|3|8|True
162|GP|M|15|U|LE3|A|2|1|services|other|course|mother|4|1|0|no|no|no|no|yes|yes|yes|no|4|5|5|2|5|5|0|True
559|MS|M|18|R|GT3|T|1|0|at_home|at_home|course|other|3|1|1|yes|yes|no|no|yes|yes|no|no|4|3|2|1|1|4|0|True
338|GP|F|17|R|LE3|T|3|1|services|other|reputation|mother|2|4|0|no|yes|no|no|yes|yes|no|no|3|1|2|1|1|3|0|True
320|GP|F|18|U|GT3|T|4|4|health|health|reputation|father|1|2|1|yes|yes|no|yes|yes|yes|yes|yes|2|4|4|1|1|4|2|True
386|GP|F|17|R|GT3|T|2|4|at_home|other|course|father|1|3|0|no|yes|no|no|yes|yes|yes|yes|4|4|3|1|1|5|0|True
464|MS|M|16|R|GT3|T|1|1|at_home|other|other|father|2|1|0|no|no|no|yes|yes|yes|no|no|3|4|4|3|4|5|6|True
313|GP|F|18|U|LE3|T|1|1|other|other|home|mother|2|2|0|no|yes|no|no|no|yes|no|no|4|4|3|1|1|3|2|True
408|GP|M|18|U|LE3|T|2|2|services|services|reputation|mother|1|2|0|no|yes|no|yes|no|no|yes|no|4|4|4|1|3|3|11|True
314|GP|M|17|R|GT3|T|1|2|at_home|at_home|home|mother|1|2|0|no|yes|no|yes|no|yes|no|yes|3|5|2|2|2|1|2|True
246|GP|M|17|U|GT3|T|4|4|teacher|teacher|reputation|mother|1|2|0|yes|yes|no|yes|yes|yes|yes|yes|4|5|5|1|3|2|0|True
578|MS|M|17|U|GT3|T|3|3|health|other|course|mother|2|2|1|no|yes|no|no|yes|yes|yes|no|4|5|4|2|3|3|4|True
316|GP|F|17|U|GT3|T|2|4|at_home|health|reputation|mother|2|2|0|no|yes|no|no|yes|yes|yes|yes|4|3|3|1|1|1|6|True
359|GP|F|17|R|GT3|T|3|4|at_home|services|course|father|1|3|0|no|yes|no|yes|no|yes|yes|no|4|3|4|2|5|5|2|True
276|GP|M|16|U|GT3|T|2|1|other|other|course|mother|3|1|0|no|no|no|no|yes|yes|yes|no|4|3|3|1|1|4|7|True
1|GP|F|17|U|GT3|T|1|1|at_home|other|course|father|1|2|0|no|yes|no|no|no|yes|yes|no|5|3|3|1|1|3|2|True
278|GP|M|17|U|GT3|T|2|3|other|other|course|father|2|1|0|no|no|no|no|yes|yes|yes|no|5|2|2|1|1|2|2|True
283|GP|M|16|U|GT3|T|3|3|at_home|other|reputation|other|3|2|1|yes|yes|no|no|no|yes|yes|no|5|3|3|1|3|2|4|True
369|GP|F|19|U|GT3|T|1|1|other|other|course|other|3|3|0|no|no|no|yes|yes|no|no|yes|1|5|5|4|3|5|12|True
334|GP|M|18|U|GT3|T|2|1|services|services|reputation|mother|1|3|0|no|no|no|yes|yes|yes|yes|no|4|2|4|1|3|2|0|True
275|GP|F|18|U|GT3|T|2|1|other|other|course|other|2|3|0|no|yes|no|no|no|yes|yes|yes|4|4|4|1|1|3|10|True
501|MS|M|16|U|LE3|T|4|3|other|other|course|father|1|1|0|no|no|no|yes|yes|yes|yes|no|4|2|5|1|5|5|8|True
220|GP|F|16|U|GT3|A|3|1|services|other|course|mother|1|2|0|no|yes|no|no|yes|yes|yes|no|2|3|3|2|2|4|2|True
190|GP|F|16|U|GT3|T|2|2|services|other|reputation|mother|2|2|0|no|no|no|yes|no|yes|yes|no|3|4|4|1|4|5|0|True
378|GP|M|17|U|GT3|T|3|3|other|services|reputation|mother|1|1|0|no|no|no|yes|no|yes|yes|no|4|3|5|3|5|5|0|True
350|GP|M|19|R|LE3|T|2|1|at_home|services|course|mother|2|3|1|no|no|no|yes|yes|yes|yes|yes|4|3|1|1|1|5|0|True
361|GP|M|19|U|GT3|T|4|2|health|other|course|mother|2|2|0|no|yes|no|yes|yes|yes|yes|yes|5|4|4|1|1|1|9|True
527|MS|M|16|U|LE3|T|2|2|services|services|other|mother|4|3|0|no|no|no|no|yes|yes|no|no|5|1|3|2|2|3|0|True
19|GP|M|16|U|LE3|T|4|3|health|other|home|father|1|1|0|no|no|no|yes|yes|yes|yes|no|3|1|3|1|3|5|6|True
499|MS|F|16|U|GT3|T|2|2|services|other|course|mother|1|1|0|no|yes|yes|yes|yes|yes|no|yes|4|2|5|1|2|5|0|True
109|GP|F|16|U|LE3|T|4|4|health|health|other|mother|1|3|0|no|yes|no|yes|yes|yes|yes|yes|5|4|5|1|1|4|2|True
548|MS|F|17|U|GT3|A|1|1|at_home|at_home|other|mother|1|2|0|no|no|no|yes|yes|yes|yes|yes|4|5|5|1|2|3|2|True
139|GP|F|15|U|GT3|T|4|4|services|at_home|course|mother|1|3|0|no|yes|no|yes|yes|yes|yes|yes|4|3|3|1|1|5|4|True
209|GP|F|17|U|LE3|T|2|4|services|services|course|father|1|2|0|no|no|no|yes|yes|yes|yes|yes|4|3|2|1|1|5|8|True
419|GP|M|19|U|GT3|T|2|1|other|other|reputation|mother|1|1|0|no|no|no|no|yes|yes|yes|no|5|3|4|1|4|4|10|True
584|MS|F|17|R|GT3|T|0|0|at_home|other|course|mother|2|1|0|no|yes|no|no|yes|yes|yes|no|4|4|3|1|1|5|0|True
99|GP|F|16|U|GT3|T|4|3|other|at_home|course|mother|1|3|0|yes|yes|no|no|yes|yes|yes|no|5|3|5|1|1|3|2|True
92|GP|F|16|U|LE3|T|3|1|other|other|home|father|1|2|0|yes|yes|no|no|yes|yes|no|no|3|3|3|2|3|2|0|True
29|GP|M|16|U|GT3|T|4|4|teacher|teacher|home|mother|1|2|0|no|yes|yes|yes|yes|yes|yes|yes|4|4|5|5|5|5|4|True
289|GP|F|17|U|LE3|T|4|2|teacher|services|reputation|mother|1|4|0|no|yes|no|yes|yes|yes|yes|no|4|2|3|1|1|4|2|True
415|GP|F|19|U|GT3|T|4|4|teacher|other|home|other|1|1|1|no|yes|no|no|yes|yes|yes|yes|3|2|5|4|4|5|5|True
493|MS|F|17|U|GT3|T|0|1|other|at_home|course|father|2|1|0|no|no|no|yes|no|yes|no|no|2|4|4|3|5|5|5|True
389|GP|F|18|U|LE3|T|2|2|other|other|home|other|1|2|0|no|no|no|yes|no|yes|yes|yes|4|3|3|1|1|2|0|True
573|MS|F|17|U|GT3|T|1|1|other|at_home|course|mother|1|1|0|no|yes|no|yes|yes|yes|no|no|4|3|2|1|2|5|9|True
250|GP|M|17|U|LE3|T|2|2|other|other|home|father|1|2|0|no|no|no|yes|no|yes|yes|yes|4|4|2|5|5|4|0|True
287|GP|M|17|U|LE3|T|1|1|health|other|course|mother|2|1|1|no|yes|no|yes|yes|yes|yes|no|4|4|4|1|2|5|0|True
193|GP|M|17|U|GT3|T|4|3|other|other|course|mother|1|2|0|no|yes|yes|yes|yes|yes|yes|yes|5|2|3|1|1|2|4|True
561|MS|M|18|U|LE3|T|1|1|at_home|at_home|course|mother|2|2|0|no|yes|no|yes|yes|yes|no|no|4|3|3|1|4|5|6|True
593|MS|F|18|U|LE3|A|1|2|at_home|other|reputation|mother|2|2|0|no|no|no|no|yes|yes|yes|no|4|4|3|1|2|4|0|True
424|MS|F|16|R|GT3|T|2|2|other|other|course|mother|2|2|0|no|yes|no|yes|yes|yes|yes|no|4|4|4|1|1|5|0|True
111|GP|F|16|R|GT3|T|3|3|services|other|reputation|father|1|3|0|yes|yes|no|yes|yes|yes|yes|no|4|1|2|1|1|2|4|True
156|GP|F|15|U|GT3|T|1|1|other|services|course|father|1|2|0|no|yes|no|no|yes|yes|yes|no|4|4|2|1|2|5|0|True
107|GP|M|16|U|GT3|T|3|3|services|other|home|father|1|3|0|no|yes|no|yes|yes|yes|yes|no|5|3|3|1|1|5|4|True
601|MS|F|18|U|GT3|T|2|2|other|other|course|mother|2|2|0|no|yes|no|no|no|yes|yes|yes|1|3|1|1|1|2|4|True
41|GP|M|15|U|LE3|T|4|4|teacher|other|home|other|1|1|0|no|yes|no|no|no|yes|yes|yes|5|4|3|2|4|5|8|True
351|GP|M|20|U|GT3|A|3|2|services|other|course|other|1|1|2|no|no|no|yes|yes|yes|no|no|5|5|3|1|1|5|0|True
87|GP|F|15|U|GT3|T|4|2|other|other|reputation|mother|1|3|0|no|yes|no|yes|yes|yes|yes|no|5|3|3|1|3|1|4|True
292|GP|F|17|R|GT3|T|4|2|other|other|course|mother|1|3|0|no|yes|no|yes|yes|yes|yes|no|4|3|4|1|3|5|2|True
400|GP|M|18|R|GT3|T|4|3|teacher|services|course|mother|1|3|0|no|no|no|no|yes|yes|yes|yes|5|3|2|1|2|4|4|True
631|MS|F|18|R|GT3|T|1|1|other|other|home|mother|4|3|0|no|no|no|no|yes|yes|yes|no|4|3|2|1|2|4|4|True
141|GP|F|16|R|GT3|T|1|1|at_home|other|course|mother|4|2|0|no|yes|no|no|yes|yes|no|no|5|1|3|1|1|3|0|True
58|GP|M|15|U|LE3|T|1|2|other|at_home|home|father|1|2|0|yes|yes|no|yes|yes|yes|yes|no|4|3|2|1|1|5|0|True
104|GP|M|15|U|GT3|A|3|4|services|other|course|mother|1|2|0|no|yes|no|yes|yes|yes|yes|no|5|4|4|1|1|1|0|True
555|MS|F|16|R|GT3|T|1|2|other|other|home|father|1|3|0|yes|yes|no|no|no|yes|yes|yes|4|3|4|1|1|3|5|True
492|MS|F|16|R|GT3|A|2|2|health|other|course|mother|1|2|0|no|no|no|no|no|yes|no|yes|3|3|2|1|1|3|2|True
20|GP|M|15|U|GT3|T|4|3|teacher|other|reputation|mother|1|2|0|no|no|no|no|yes|yes|yes|no|4|4|1|1|1|1|0|True
617|MS|F|18|U|LE3|T|1|1|at_home|services|course|father|2|3|0|no|no|no|no|yes|yes|yes|no|5|3|2|1|1|4|0|True
558|MS|M|17|R|GT3|T|2|2|other|other|course|mother|2|1|0|no|no|no|yes|yes|no|no|yes|5|5|5|3|5|5|0|True
537|MS|M|15|U|LE3|A|2|1|services|services|course|mother|1|1|0|no|no|no|yes|yes|yes|yes|no|4|3|3|1|2|5|11|True
634|MS|F|18|U|GT3|T|3|3|other|other|home|mother|1|2|0|no|no|no|no|yes|yes|yes|yes|4|1|3|1|2|1|1|True
638|MS|M|17|U|GT3|T|2|3|other|services|home|father|2|2|0|no|no|no|yes|yes|yes|yes|no|4|4|3|1|1|3|4|True
315|GP|F|18|U|GT3|T|2|1|other|other|home|mother|1|2|0|no|yes|no|no|yes|yes|yes|yes|4|2|5|1|2|1|8|True
233|GP|F|17|U|GT3|T|2|2|at_home|at_home|course|mother|1|3|0|no|yes|no|yes|yes|yes|yes|no|4|3|3|1|1|4|0|True
254|GP|F|18|U|LE3|T|2|2|at_home|services|course|mother|1|2|1|no|yes|no|no|no|yes|yes|yes|5|3|1|1|1|5|16|True
199|GP|M|17|U|GT3|T|3|3|services|services|other|mother|1|2|0|no|yes|no|yes|yes|yes|yes|yes|4|3|4|2|3|4|6|True
238|GP|F|16|U|GT3|T|4|4|teacher|services|home|mother|1|3|0|no|yes|no|yes|no|yes|yes|no|5|3|2|1|1|5|4|True
234|GP|F|17|R|GT3|T|2|1|at_home|services|reputation|mother|2|2|0|no|yes|no|yes|yes|yes|yes|no|4|2|5|1|2|5|0|True
311|GP|F|19|U|GT3|T|3|3|other|services|home|other|1|2|0|no|yes|no|yes|yes|yes|yes|no|4|3|5|3|3|5|16|True
291|GP|M|18|U|LE3|T|2|1|services|other|course|mother|3|2|1|no|no|no|yes|no|no|yes|no|4|4|5|4|4|5|4|True
26|GP|M|15|U|GT3|T|2|2|other|other|home|mother|1|1|0|no|yes|no|no|yes|yes|yes|no|4|2|2|1|2|5|8|True
226|GP|F|16|U|GT3|A|2|2|other|other|reputation|mother|1|2|0|yes|yes|no|no|yes|yes|yes|no|3|3|4|1|1|4|0|True
365|GP|F|17|U|GT3|A|4|3|services|services|course|mother|1|2|0|no|yes|no|no|yes|yes|yes|yes|5|2|2|1|2|5|14|True
489|MS|M|18|R|GT3|T|1|1|other|other|home|mother|2|1|1|no|no|no|yes|yes|no|yes|no|4|4|3|3|4|4|0|True
468|MS|M|15|U|GT3|T|2|2|health|other|reputation|mother|3|1|0|no|no|no|no|yes|yes|no|no|4|3|3|1|2|4|1|True
575|MS|F|18|R|GT3|A|4|3|services|services|course|mother|1|1|0|no|yes|no|no|yes|yes|yes|no|5|4|4|3|4|2|8|True
475|MS|F|15|U|GT3|T|2|2|other|services|course|mother|2|3|0|no|yes|no|yes|yes|yes|no|no|5|3|2|1|1|4|0|True
116|GP|M|15|U|GT3|T|4|4|other|teacher|reputation|father|2|2|0|no|yes|no|yes|yes|yes|no|no|4|4|3|1|1|2|4|True
604|MS|F|18|U|GT3|T|1|1|at_home|services|course|mother|3|2|1|no|no|no|no|yes|no|no|no|4|4|2|1|2|2|2|True
85|GP|F|15|U|GT3|T|4|4|services|services|reputation|father|2|2|0|no|no|no|no|yes|yes|yes|yes|4|4|4|2|3|5|4|True
2|GP|F|15|U|LE3|T|1|1|at_home|other|other|mother|1|2|0|yes|no|no|no|yes|yes|yes|no|4|3|2|2|3|3|6|True
146|GP|M|16|U|LE3|T|1|1|services|other|course|mother|1|2|2|no|no|no|no|yes|yes|no|yes|4|4|4|1|3|5|0|True
173|GP|M|16|U|LE3|T|1|2|health|services|course|mother|2|1|2|no|no|no|no|no|yes|yes|no|4|4|5|3|5|5|0|True
132|GP|F|17|U|LE3|A|2|1|other|other|course|mother|3|1|0|no|yes|no|no|yes|yes|yes|no|3|2|2|1|2|5|8|True
516|MS|F|16|R|GT3|T|4|4|health|teacher|reputation|father|1|2|0|no|no|no|yes|no|yes|yes|yes|4|3|3|2|3|2|0|True
619|MS|F|18|U|GT3|T|3|3|services|services|other|mother|2|2|0|no|yes|no|no|yes|yes|yes|yes|4|3|2|1|3|3|6|True
242|GP|M|18|U|LE3|T|2|1|at_home|other|course|mother|4|2|0|yes|yes|no|yes|yes|yes|yes|yes|4|3|2|4|5|3|2|True
577|MS|M|19|R|GT3|T|1|1|other|services|home|other|3|2|1|no|no|no|no|yes|yes|yes|no|5|4|4|3|3|2|8|True
147|GP|F|15|U|GT3|T|4|4|teacher|teacher|course|mother|2|1|0|no|no|no|yes|yes|yes|yes|no|4|3|2|1|1|5|6|True
444|MS|M|16|R|GT3|T|3|4|other|health|other|mother|3|2|0|no|no|no|no|no|yes|no|no|3|4|5|1|2|5|4|True
486|MS|F|16|U|GT3|T|2|2|other|services|course|father|1|1|1|no|yes|yes|yes|no|yes|yes|no|4|4|3|1|4|3|1|True
252|GP|F|16|U|GT3|A|4|1|other|other|home|mother|1|2|0|no|no|no|yes|yes|yes|yes|yes|5|3|3|1|2|5|0|True
323|GP|M|18|U|LE3|T|4|3|teacher|services|course|mother|2|1|0|no|no|no|yes|yes|yes|yes|no|4|2|3|1|2|1|0|True
51|GP|F|15|U|LE3|T|4|2|health|other|other|mother|1|2|0|no|yes|no|no|yes|yes|yes|no|4|3|3|1|1|5|0|True
595|MS|M|18|U|LE3|T|4|4|services|other|reputation|mother|1|1|0|no|yes|no|yes|yes|yes|yes|no|5|4|5|1|1|5|3|True
358|GP|F|18|U|LE3|T|4|3|health|services|course|mother|2|1|0|no|yes|no|no|yes|yes|yes|no|3|2|4|1|4|1|8|True
16|GP|F|16|U|GT3|T|4|4|services|services|reputation|mother|1|3|0|no|yes|no|yes|yes|yes|yes|no|3|2|3|1|2|2|10|True
166|GP|M|19|U|GT3|T|3|2|services|at_home|home|mother|1|1|0|no|yes|no|no|yes|no|yes|yes|4|5|4|1|1|4|6|True
127|GP|F|19|U|GT3|T|0|1|at_home|other|course|other|1|2|2|no|yes|no|no|no|no|no|no|3|4|2|1|1|5|0|True
170|GP|F|18|R|GT3|T|1|1|at_home|other|course|mother|3|1|3|no|yes|no|yes|no|yes|no|no|5|2|5|1|5|4|6|True
198|GP|F|16|U|GT3|T|3|2|other|other|reputation|mother|1|2|0|no|yes|no|no|yes|yes|yes|no|1|2|2|1|2|1|8|True
442|MS|M|15|R|LE3|T|4|1|health|services|reputation|father|1|2|0|no|yes|no|yes|yes|yes|yes|no|5|3|4|1|2|2|0|True
503|MS|F|16|U|GT3|T|1|1|other|other|course|other|1|4|0|yes|yes|no|yes|yes|yes|yes|no|2|2|1|1|1|5|0|True
49|GP|F|15|U|GT3|T|4|4|services|teacher|other|father|1|2|0|yes|yes|no|yes|no|yes|yes|no|4|4|4|1|1|3|2|True
633|MS|F|18|R|LE3|T|4|4|teacher|services|course|mother|1|2|0|no|no|no|yes|yes|yes|yes|no|5|4|3|3|4|2|1|True
74|GP|F|16|U|GT3|T|3|3|other|services|home|mother|1|2|0|yes|yes|no|yes|yes|yes|yes|no|4|3|3|2|4|5|4|True
25|GP|F|16|U|GT3|T|2|2|services|services|home|mother|1|1|0|no|yes|no|no|no|yes|yes|no|1|2|2|1|3|5|6|True
31|GP|M|15|U|GT3|T|4|4|services|services|reputation|mother|2|2|0|no|yes|no|yes|yes|yes|yes|no|4|3|1|1|1|5|2|True
33|GP|M|15|U|LE3|T|3|3|other|other|course|mother|1|2|0|no|no|no|yes|no|yes|yes|no|5|3|2|1|1|2|0|True
438|MS|F|17|R|GT3|T|2|3|other|other|course|mother|2|1|0|no|yes|no|no|yes|yes|yes|no|5|5|5|1|3|3|2|True
293|GP|F|18|U|LE3|T|1|1|other|at_home|home|mother|1|3|0|no|yes|no|no|no|yes|no|no|4|4|3|2|3|3|4|True
373|GP|F|17|R|LE3|T|2|2|services|services|course|mother|1|3|0|no|yes|no|yes|yes|yes|yes|no|3|3|2|2|2|3|0|True
6|GP|M|16|U|LE3|T|2|2|other|other|home|mother|1|2|0|no|no|no|no|yes|yes|yes|no|4|4|4|1|1|3|0|True
556|MS|M|16|R|LE3|T|1|2|other|at_home|course|mother|1|1|0|no|no|no|no|yes|yes|no|no|4|4|4|2|4|5|4|True
554|MS|F|17|R|GT3|T|1|1|at_home|at_home|course|father|2|1|0|no|yes|no|yes|yes|no|yes|yes|3|5|5|2|2|4|3|True
259|GP|F|17|U|LE3|T|1|1|at_home|at_home|course|mother|1|3|0|no|yes|no|yes|yes|yes|yes|yes|4|3|2|1|2|4|10|True
295|GP|M|19|U|LE3|A|4|3|services|at_home|reputation|mother|1|2|0|no|yes|no|no|yes|yes|yes|no|4|3|1|1|1|1|4|True
44|GP|F|16|U|LE3|T|2|2|other|at_home|course|father|2|2|1|yes|no|no|yes|yes|yes|yes|no|4|3|3|2|2|5|14|True
474|MS|M|15|R|LE3|T|1|3|at_home|other|reputation|father|3|1|0|no|yes|no|yes|yes|yes|yes|no|4|2|4|3|5|3|2|True
38|GP|F|15|R|GT3|T|3|4|services|health|course|mother|1|3|0|yes|yes|no|yes|yes|yes|yes|no|4|3|2|1|1|5|2|True
397|GP|F|17|U|GT3|A|2|2|at_home|at_home|home|father|1|2|0|no|yes|no|no|yes|yes|yes|yes|3|3|1|1|2|4|18|True
392|GP|F|17|U|GT3|T|3|2|other|other|home|mother|1|2|0|no|yes|no|no|yes|yes|yes|yes|4|3|2|2|3|2|0|True
7|GP|F|17|U|GT3|A|4|4|other|teacher|home|mother|2|2|0|yes|yes|no|no|yes|yes|no|no|4|1|4|1|1|1|2|True
418|GP|M|18|R|GT3|T|2|3|other|services|reputation|father|1|1|0|no|no|no|no|yes|yes|yes|no|3|1|3|4|5|4|13|True
616|MS|M|18|U|LE3|T|1|1|other|services|home|father|2|1|0|no|no|no|no|no|yes|yes|yes|3|3|2|1|2|3|2|True
210|GP|M|17|U|GT3|T|4|4|services|teacher|home|mother|1|1|0|no|no|no|no|yes|yes|yes|no|5|2|3|1|2|5|4|True
227|GP|M|18|U|GT3|T|2|2|services|other|home|mother|1|2|0|no|yes|no|yes|yes|yes|yes|no|4|4|4|2|4|5|10|True
496|MS|F|16|R|LE3|T|1|1|services|services|home|mother|1|1|0|no|yes|no|yes|yes|yes|yes|yes|4|4|4|2|2|4|2|True
318|GP|F|18|R|GT3|A|3|2|other|services|home|mother|2|2|0|no|no|no|no|no|no|yes|yes|4|1|1|1|1|5|15|True
413|GP|M|21|R|LE3|T|1|1|at_home|other|course|other|2|2|2|no|yes|no|yes|yes|no|yes|yes|5|3|3|5|2|4|21|True
411|GP|M|17|U|LE3|A|4|4|health|other|reputation|mother|1|3|0|no|yes|no|no|yes|yes|yes|no|4|4|2|1|2|4|2|True
298|GP|F|17|U|LE3|T|2|2|services|services|course|father|1|4|0|no|no|no|yes|yes|yes|yes|yes|3|4|1|1|1|2|2|True
205|GP|F|17|U|GT3|T|1|1|at_home|services|course|mother|1|2|0|no|no|no|yes|yes|yes|yes|no|5|3|3|1|1|3|0|True
368|GP|M|18|U|LE3|T|4|4|other|other|reputation|father|1|1|0|no|yes|no|no|yes|yes|yes|no|4|2|5|3|4|5|2|True
592|MS|F|17|U|GT3|T|3|3|services|services|course|mother|2|1|0|no|yes|no|no|yes|yes|yes|no|4|4|3|1|1|4|0|True
460|MS|F|15|R|GT3|T|1|1|at_home|other|home|father|2|2|0|no|yes|no|yes|yes|yes|yes|no|4|3|3|1|1|2|1|True
509|MS|F|16|R|LE3|T|1|1|at_home|other|course|father|3|2|0|no|yes|no|no|yes|yes|no|no|5|3|2|1|1|1|0|True
212|GP|F|17|U|GT3|T|4|4|services|teacher|home|mother|2|1|1|no|yes|no|no|yes|yes|yes|no|4|2|4|2|3|2|30|True
349|GP|F|17|U|GT3|T|3|2|health|health|reputation|father|1|4|0|no|yes|no|yes|no|yes|yes|no|5|2|2|1|2|5|0|True
192|GP|M|16|R|GT3|T|4|2|teacher|services|other|mother|1|1|0|no|yes|no|yes|yes|yes|yes|yes|4|3|3|3|4|3|8|True
101|GP|M|16|U|GT3|T|4|4|services|teacher|other|father|1|3|0|no|yes|no|yes|yes|yes|yes|yes|4|4|3|1|1|4|0|True
560|MS|M|17|R|GT3|T|1|1|other|services|course|mother|2|1|0|no|yes|no|yes|no|yes|yes|yes|4|5|5|1|3|2|0|True
176|GP|M|15|U|LE3|T|1|2|other|other|course|mother|2|1|0|no|no|no|yes|yes|yes|no|no|4|4|4|2|4|5|2|True
511|MS|F|17|U|GT3|A|1|0|other|other|other|mother|2|2|0|no|no|no|no|yes|yes|yes|yes|4|4|5|1|1|4|1|True
376|GP|F|18|U|GT3|T|1|1|other|other|home|mother|2|3|0|no|no|no|yes|yes|yes|yes|no|4|5|5|1|2|2|0|True
159|GP|F|15|U|GT3|T|1|2|at_home|other|course|mother|1|2|0|no|yes|no|no|no|yes|yes|no|4|3|2|1|1|5|6|True
393|GP|F|18|U|LE3|T|3|3|services|services|home|mother|1|4|0|no|yes|no|no|yes|yes|yes|no|5|3|3|1|1|1|4|True
644|MS|F|19|R|GT3|T|2|3|services|other|course|mother|1|3|1|no|no|no|yes|no|yes|yes|no|5|4|2|1|2|5|4|True
186|GP|M|17|U|LE3|T|4|4|teacher|other|reputation|mother|1|2|0|no|yes|no|yes|yes|yes|yes|no|4|4|4|1|3|5|0|True
113|GP|M|15|U|LE3|T|4|2|teacher|other|course|mother|1|1|0|no|no|no|no|yes|yes|yes|no|3|5|2|1|1|3|10|True
625|MS|F|18|U|GT3|T|2|3|at_home|services|course|father|2|1|0|no|yes|no|no|yes|yes|yes|yes|5|2|3|1|2|4|0|True
121|GP|M|15|U|GT3|T|2|2|services|services|home|father|1|4|0|no|yes|no|yes|yes|yes|yes|no|5|5|4|1|2|5|6|True
78|GP|M|17|U|GT3|T|2|1|other|other|home|mother|2|1|3|yes|yes|no|yes|yes|no|yes|no|4|5|1|1|1|3|0|True
165|GP|F|15|R|GT3|T|3|3|services|services|reputation|other|2|3|0|no|yes|yes|yes|yes|yes|yes|yes|4|2|1|2|3|3|2|True
521|MS|F|16|R|GT3|T|2|3|at_home|services|other|mother|2|2|0|no|yes|no|yes|yes|yes|yes|no|3|3|3|1|1|2|0|True
459|MS|F|16|R|GT3|T|1|1|at_home|other|other|father|4|3|0|yes|yes|no|no|yes|yes|no|no|4|4|3|1|1|5|2|True
450|MS|F|16|R|GT3|T|2|3|other|services|course|mother|3|2|0|no|yes|no|no|yes|yes|yes|no|4|5|4|1|2|1|2|True
538|MS|F|16|R|LE3|T|2|2|other|other|course|mother|1|3|0|no|yes|no|no|no|yes|no|yes|4|3|3|2|2|5|2|True
105|GP|F|15|U|GT3|A|3|3|other|health|reputation|father|1|4|0|yes|no|no|no|yes|yes|no|no|4|3|3|1|1|4|10|True
215|GP|F|16|U|GT3|T|2|3|other|other|reputation|mother|1|2|0|yes|yes|no|yes|yes|yes|no|no|4|4|3|1|3|4|4|True
562|MS|F|16|R|LE3|T|2|2|other|services|course|father|1|2|0|no|no|no|yes|yes|yes|no|yes|5|4|3|1|1|1|0|True
10|GP|F|15|U|GT3|T|4|4|teacher|health|reputation|mother|1|2|0|no|yes|no|no|yes|yes|yes|no|3|3|3|1|2|2|2|True
356|GP|F|17|R|GT3|T|4|4|teacher|teacher|course|mother|1|1|0|no|no|no|yes|yes|yes|yes|no|4|4|4|1|1|5|2|True
304|GP|F|18|U|GT3|T|2|2|at_home|services|home|mother|1|3|0|no|yes|no|yes|yes|yes|yes|yes|4|3|3|1|1|3|0|True
95|GP|F|15|R|GT3|T|1|1|at_home|other|home|mother|2|4|0|yes|yes|yes|yes|yes|yes|yes|no|3|1|2|1|1|1|4|True
53|GP|F|15|U|GT3|T|4|4|services|services|course|mother|1|1|0|yes|yes|no|no|yes|yes|yes|no|3|3|4|2|3|5|0|True
138|GP|M|15|R|GT3|T|3|4|at_home|teacher|course|mother|4|2|0|no|yes|no|no|yes|yes|no|yes|5|3|3|1|1|5|2|True
54|GP|F|15|U|LE3|A|3|3|other|other|other|mother|1|1|0|no|no|no|no|yes|yes|yes|no|5|3|4|4|4|1|0|True
539|MS|F|16|U|LE3|T|4|1|other|other|home|mother|2|2|0|no|yes|no|yes|yes|yes|yes|no|1|2|4|2|2|1|8|True
47|GP|M|16|U|GT3|T|4|3|health|services|reputation|mother|1|4|0|no|no|no|yes|yes|yes|yes|no|4|2|2|1|1|2|2|True
423|MS|F|16|U|GT3|T|1|3|at_home|other|other|father|2|1|0|no|yes|no|no|yes|no|yes|yes|4|3|3|1|3|5|11|True
322|GP|F|19|R|GT3|T|3|2|services|services|reputation|father|1|2|1|yes|yes|no|no|yes|no|yes|no|3|3|3|4|3|3|0|True
56|GP|F|15|U|GT3|A|4|3|services|services|reputation|mother|1|2|0|no|yes|no|yes|yes|yes|yes|no|4|3|2|1|1|1|0|True
497|MS|M|17|U|GT3|T|3|3|services|at_home|course|mother|2|4|1|no|yes|yes|yes|yes|yes|no|no|5|4|5|3|4|5|0|True
43|GP|M|15|U|GT3|T|2|2|services|services|course|father|1|1|0|yes|yes|no|no|yes|yes|yes|no|5|4|1|1|1|1|0|True
223|GP|F|17|R|GT3|T|4|3|teacher|other|reputation|mother|2|3|0|no|yes|no|yes|yes|yes|yes|yes|4|4|2|1|1|4|0|True
64|GP|F|15|U|LE3|T|4|3|services|services|reputation|father|1|2|0|yes|no|no|yes|yes|yes|yes|yes|4|4|4|2|4|2|0|True
536|MS|M|15|U|LE3|A|2|2|other|other|reputation|mother|3|4|0|no|yes|no|yes|yes|yes|no|no|5|4|5|2|3|5|8|True
404|GP|F|17|U|GT3|T|2|1|services|other|reputation|mother|1|2|0|no|yes|no|yes|yes|yes|yes|no|4|3|5|2|4|4|4|True
160|GP|F|15|U|GT3|T|1|2|at_home|services|course|father|1|2|0|no|no|no|no|no|yes|no|yes|2|3|4|2|4|1|6|True
367|GP|F|17|U|LE3|T|2|1|other|other|home|father|1|2|0|no|no|no|yes|yes|yes|yes|no|4|2|3|2|2|2|2|True
216|GP|F|17|U|GT3|T|1|1|other|other|course|mother|1|2|0|no|yes|no|no|no|yes|no|no|4|4|4|1|3|1|0|True
600|MS|M|17|R|GT3|T|1|1|other|services|other|father|3|1|0|no|no|no|no|no|no|no|no|4|2|3|3|4|4|4|True
470|MS|F|15|R|GT3|T|3|3|services|other|reputation|mother|1|2|0|no|yes|no|no|yes|yes|yes|yes|4|5|4|1|1|1|4|True
309|GP|M|18|U|GT3|T|4|2|health|other|reputation|father|1|2|0|no|yes|no|yes|yes|yes|yes|yes|5|4|5|1|3|5|4|True
28|GP|M|16|U|LE3|A|3|4|services|other|home|mother|1|2|0|yes|yes|yes|yes|yes|yes|yes|no|5|3|3|1|1|5|2|True
269|GP|M|16|U|LE3|T|4|3|teacher|other|course|mother|1|1|0|no|no|no|yes|no|yes|yes|no|5|4|5|1|1|3|7|True
117|GP|M|16|U|GT3|T|3|3|other|services|home|father|2|1|0|no|no|no|yes|yes|yes|yes|no|5|4|2|1|1|5|6|True
3|GP|F|15|U|GT3|T|4|2|health|services|home|mother|1|3|0|no|yes|no|yes|yes|yes|yes|yes|3|2|2|1|1|5|0|True
395|GP|M|18|U|GT3|T|4|4|teacher|services|home|father|1|2|0|no|yes|no|yes|yes|yes|yes|no|4|3|3|2|2|2|0|True
187|GP|F|16|U|GT3|T|1|3|at_home|services|home|mother|1|2|0|no|no|no|yes|no|yes|yes|yes|4|3|5|1|1|3|0|True
507|MS|F|17|U|LE3|T|1|1|other|services|course|father|1|3|0|no|yes|no|no|yes|yes|no|yes|4|3|3|1|1|3|0|True
195|GP|M|16|U|GT3|T|3|3|services|other|home|mother|1|2|0|no|no|no|yes|yes|yes|yes|yes|4|2|3|1|2|3|0|True
533|MS|F|16|U|LE3|T|2|1|other|services|other|mother|1|2|0|no|no|no|no|yes|yes|yes|yes|3|2|2|1|1|3|0|True
375|GP|F|17|U|LE3|T|0|2|at_home|at_home|home|father|2|3|0|no|no|no|no|yes|yes|yes|no|3|3|3|2|3|2|0|True
479|MS|F|17|U|GT3|T|2|2|other|at_home|course|mother|1|1|0|no|yes|no|yes|yes|no|no|no|4|5|3|1|1|5|4|True
286|GP|M|17|R|GT3|T|2|1|other|other|course|mother|1|1|0|no|no|no|no|no|yes|yes|no|4|4|2|2|4|5|0|True
333|GP|F|17|U|GT3|T|1|1|services|teacher|reputation|mother|1|3|0|no|yes|no|no|yes|yes|yes|no|4|3|3|1|1|3|0|True
221|GP|F|16|U|GT3|T|4|3|teacher|other|other|mother|1|2|0|no|no|no|yes|yes|yes|yes|yes|1|3|2|1|1|1|4|True
244|GP|F|17|U|LE3|T|4|3|health|other|reputation|father|1|2|0|no|no|no|yes|yes|yes|yes|yes|3|2|3|1|2|3|0|True
609|MS|F|18|U|GT3|T|1|2|at_home|at_home|course|father|2|2|0|no|yes|no|no|yes|no|no|no|4|1|1|1|1|4|0|True
68|GP|F|15|R|LE3|T|2|2|health|services|reputation|mother|2|2|0|yes|yes|no|no|yes|yes|yes|no|4|1|3|1|3|4|0|True
340|GP|M|17|U|GT3|T|3|3|health|other|home|mother|1|1|0|no|yes|no|no|yes|yes|yes|no|4|4|3|1|3|5|0|True
449|MS|F|15|R|GT3|T|1|2|other|services|course|mother|2|1|0|no|no|no|no|yes|yes|no|no|5|1|2|1|1|1|3|True
72|GP|F|15|R|GT3|T|1|1|other|other|reputation|mother|1|2|0|yes|yes|no|no|no|yes|yes|yes|3|3|4|2|4|5|2|True
271|GP|F|17|U|GT3|T|4|4|teacher|services|course|mother|1|2|0|no|yes|yes|no|yes|yes|yes|yes|5|3|1|1|4|5|2|True
403|GP|F|17|U|GT3|T|2|1|services|other|course|mother|2|2|0|no|yes|no|yes|yes|yes|yes|yes|4|3|4|2|2|1|10|True
73|GP|M|16|U|GT3|T|3|1|other|other|reputation|mother|1|1|0|no|no|no|yes|yes|yes|no|no|5|3|2|2|2|5|0|True
290|GP|F|19|U|GT3|T|2|2|services|services|home|mother|1|2|0|no|yes|no|no|yes|yes|yes|no|4|3|3|1|1|5|0|True
324|GP|M|18|U|GT3|T|1|2|at_home|other|home|other|2|1|0|no|no|no|no|no|no|yes|no|3|4|4|2|4|4|10|True
63|GP|F|16|U|GT3|T|4|3|teacher|health|home|mother|1|3|0|yes|yes|no|yes|yes|yes|yes|no|3|4|4|2|4|4|0|True
611|MS|F|18|R|GT3|T|2|2|services|other|home|mother|2|3|0|no|no|no|no|yes|yes|yes|yes|4|2|1|1|1|4|5|True
435|MS|F|15|R|LE3|T|1|1|at_home|services|reputation|father|2|2|0|no|yes|no|no|yes|yes|yes|no|5|4|3|1|2|4|0|True
249|GP|M|16|U|GT3|T|3|2|at_home|other|reputation|mother|2|3|0|no|no|no|yes|yes|yes|yes|yes|5|3|3|1|3|2|0|True
615|MS|F|17|U|LE3|A|3|2|services|other|reputation|mother|2|2|0|no|no|no|no|yes|yes|no|yes|1|2|3|1|2|5|0|True
245|GP|M|17|R|GT3|T|2|2|other|other|course|father|2|2|0|no|yes|no|yes|yes|yes|yes|no|4|5|2|1|1|1|0|True
377|GP|M|18|U|GT3|T|4|4|other|other|course|mother|1|3|0|no|no|no|yes|yes|yes|yes|no|4|3|3|2|2|3|0|True
40|GP|F|16|U|LE3|T|2|2|other|other|home|mother|2|2|0|no|yes|no|yes|no|yes|yes|yes|3|3|3|1|2|3|16|True
214|GP|F|16|U|GT3|T|4|3|health|other|home|mother|1|2|0|no|yes|no|yes|yes|yes|yes|no|4|3|5|1|5|2|2|True
457|MS|M|17|R|LE3|T|1|2|at_home|services|reputation|mother|1|1|0|no|yes|no|yes|yes|yes|yes|no|5|5|5|5|5|3|4|True
620|MS|F|17|U|LE3|T|4|4|at_home|at_home|course|mother|1|2|0|no|yes|no|yes|yes|yes|yes|yes|2|3|4|1|1|1|4|True
27|GP|M|15|U|GT3|T|4|2|health|services|other|mother|1|1|0|no|no|no|no|yes|yes|yes|no|2|2|4|2|4|1|0|True
231|GP|M|18|U|LE3|T|3|3|services|health|home|father|1|2|0|no|yes|no|no|yes|yes|yes|no|3|2|4|2|4|4|10|True
553|MS|M|17|U|LE3|A|1|0|other|other|home|mother|1|1|0|no|no|no|no|yes|yes|no|yes|4|1|2|1|1|5|4|True
362|GP|F|18|U|GT3|T|4|4|teacher|other|course|mother|1|2|0|no|yes|no|no|yes|yes|yes|no|4|4|4|3|3|5|0|True
452|MS|F|16|R|GT3|T|2|2|other|other|course|mother|3|2|0|no|yes|no|no|yes|yes|yes|no|4|4|5|1|1|4|4|True
630|MS|F|18|R|LE3|T|4|4|other|other|reputation|mother|2|3|0|no|no|no|no|yes|yes|yes|no|5|4|4|1|1|1|0|True
273|GP|F|17|U|GT3|T|3|3|services|other|home|mother|2|3|0|no|yes|no|no|yes|yes|yes|yes|4|2|2|2|3|5|10|True
135|GP|F|16|U|GT3|A|3|4|services|other|course|father|1|1|0|no|no|no|no|yes|yes|yes|no|3|2|1|1|4|5|12|True
341|GP|F|19|U|GT3|T|4|4|health|other|reputation|other|2|2|0|no|yes|no|yes|yes|yes|yes|no|2|3|4|2|3|2|2|True
385|GP|F|18|U|GT3|T|2|2|at_home|other|course|mother|4|2|0|no|no|no|yes|yes|yes|no|yes|4|2|5|1|1|2|2|True
337|GP|F|17|U|GT3|T|4|3|health|services|reputation|mother|1|3|0|no|yes|no|no|yes|yes|yes|no|4|2|2|1|2|3|0|True
612|MS|M|17|R|GT3|T|4|3|services|other|home|mother|2|2|1|no|yes|yes|yes|no|yes|yes|yes|4|5|5|1|3|2|4|True
83|GP|M|15|U|LE3|T|2|2|services|services|home|mother|2|2|0|no|no|yes|yes|yes|yes|yes|no|5|3|3|1|3|4|2|True
466|MS|M|15|U|GT3|T|3|1|other|services|home|mother|2|1|0|no|yes|no|no|yes|yes|no|no|3|2|3|1|3|4|0|True
124|GP|F|16|U|GT3|T|2|2|other|other|home|mother|1|2|0|no|no|no|no|yes|yes|yes|yes|5|4|4|1|1|5|0|True
57|GP|M|15|U|GT3|T|4|4|teacher|health|reputation|mother|1|2|0|no|yes|no|yes|yes|yes|no|no|3|2|2|1|1|5|8|True
648|MS|M|18|R|LE3|T|3|2|services|other|course|mother|3|1|0|no|no|no|no|no|yes|yes|no|4|4|1|3|4|5|4|True
303|GP|F|17|U|GT3|T|3|3|other|other|home|mother|1|3|0|no|no|no|yes|no|yes|no|no|3|2|3|1|1|4|2|True
344|GP|M|18|U|LE3|T|4|4|teacher|teacher|home|mother|1|1|0|no|yes|no|no|yes|yes|yes|yes|1|4|2|2|2|1|0|True
237|GP|M|18|U|GT3|T|2|2|other|other|home|mother|2|2|3|no|yes|yes|no|yes|yes|yes|no|3|3|3|5|5|4|9|True
549|MS|F|17|R|GT3|T|4|2|other|other|course|mother|2|2|0|yes|yes|no|no|no|yes|yes|no|4|3|3|2|3|5|0|True
394|GP|F|17|R|GT3|A|3|2|other|other|home|mother|1|2|0|no|yes|no|no|yes|yes|yes|no|4|3|3|2|3|2|0|True
391|GP|F|17|U|GT3|T|3|4|services|other|course|mother|1|3|0|no|no|no|no|yes|yes|yes|no|4|4|5|1|3|5|8|True
70|GP|M|16|U|GT3|T|3|1|other|other|reputation|father|2|4|0|no|yes|no|no|yes|yes|yes|no|4|3|2|1|1|5|2|True
346|GP|M|17|U|LE3|T|4|4|other|teacher|home|father|2|1|0|no|no|no|no|yes|yes|yes|no|4|1|1|2|2|5|0|True
98|GP|F|16|U|GT3|T|4|4|other|other|reputation|mother|1|1|0|no|no|no|yes|no|yes|yes|no|5|3|4|1|2|1|4|True
343|GP|F|18|U|GT3|T|4|3|other|other|reputation|father|1|4|0|no|yes|no|no|yes|yes|yes|no|4|3|3|1|1|3|0|True
540|MS|F|17|U|GT3|T|3|2|at_home|other|home|mother|2|1|0|no|no|no|no|yes|yes|no|yes|4|3|3|2|2|1|5|True
247|GP|M|16|U|GT3|T|4|4|health|other|reputation|father|1|2|0|no|yes|no|yes|yes|yes|yes|no|4|2|4|2|4|1|0|True
261|GP|F|17|R|GT3|T|2|1|at_home|services|course|mother|3|2|0|no|no|no|yes|yes|yes|no|no|2|1|1|1|1|3|2|True
352|GP|M|19|R|GT3|T|3|3|other|services|reputation|father|1|2|0|no|no|no|yes|yes|yes|no|yes|4|5|3|1|2|5|0|True
235|GP|F|17|U|GT3|T|1|1|at_home|other|reputation|mother|1|3|0|no|yes|no|yes|yes|yes|no|yes|4|3|4|1|1|5|12|True
129|GP|M|16|U|GT3|T|2|3|other|other|course|mother|2|3|0|no|yes|no|no|no|yes|yes|yes|3|2|3|2|2|1|4|True
189|GP|M|17|U|LE3|T|4|3|teacher|other|course|mother|2|2|0|no|no|no|yes|yes|yes|yes|no|4|4|4|4|4|4|0|True
285|GP|M|16|R|GT3|T|2|1|other|other|course|mother|2|1|0|no|no|no|yes|no|yes|no|no|3|3|2|1|3|3|2|True
607|MS|F|17|R|LE3|A|2|1|services|other|reputation|mother|2|2|0|no|no|no|yes|yes|yes|yes|yes|5|3|3|1|2|2|5|True
574|MS|M|20|R|GT3|T|1|1|other|other|course|other|2|1|1|no|yes|no|no|yes|no|yes|yes|4|4|3|2|4|4|12|True
382|GP|F|17|U|GT3|T|3|3|at_home|other|course|mother|1|1|0|no|yes|yes|yes|yes|yes|yes|no|4|2|5|2|5|5|2|True
425|MS|F|15|R|GT3|T|1|1|at_home|services|other|mother|1|1|1|no|yes|no|no|yes|yes|no|yes|4|1|3|1|1|2|6|True
151|GP|M|16|U|GT3|T|4|4|services|services|course|mother|1|3|0|no|yes|no|yes|yes|yes|yes|no|5|3|3|1|3|5|0|True
103|GP|F|15|U|GT3|T|3|2|services|other|home|mother|2|2|0|yes|yes|no|no|yes|yes|yes|no|4|3|5|1|1|2|16|True
353|GP|F|18|U|GT3|T|1|4|other|teacher|home|mother|1|2|0|yes|yes|no|no|no|yes|no|yes|3|4|4|1|2|5|2|True
331|GP|M|17|U|GT3|T|1|1|other|other|reputation|father|1|2|0|no|no|no|no|no|yes|yes|no|4|3|3|1|2|4|0|True
383|GP|M|18|U|LE3|T|2|2|other|other|course|mother|1|4|0|no|yes|yes|yes|yes|yes|yes|no|4|5|5|2|4|5|0|True
327|GP|F|18|R|LE3|T|1|1|at_home|other|reputation|mother|2|4|0|no|yes|no|yes|yes|yes|no|no|5|2|2|1|1|3|2|True
451|MS|M|16|R|GT3|T|1|2|other|other|course|father|2|2|0|no|no|no|no|yes|yes|no|no|4|3|3|1|1|5|0|True
48|GP|M|15|U|GT3|T|4|2|teacher|other|home|mother|1|2|0|no|yes|no|no|yes|yes|no|no|4|3|3|2|2|5|4|True
308|GP|F|18|R|GT3|T|4|4|teacher|other|reputation|mother|2|2|0|no|no|no|yes|yes|yes|yes|no|4|3|4|2|2|4|8|True
602|MS|F|18|U|LE3|T|2|2|services|services|course|father|2|3|0|no|no|no|no|yes|yes|yes|yes|5|4|5|1|4|3|0|True
134|GP|F|17|U|LE3|T|2|2|other|other|course|father|1|1|0|no|yes|no|no|yes|yes|yes|yes|3|4|4|1|3|5|2|True
152|GP|M|16|U|LE3|T|2|2|services|services|reputation|father|2|1|0|no|yes|no|yes|yes|yes|yes|no|2|3|3|2|2|2|4|True
17|GP|F|16|U|GT3|T|3|3|other|other|reputation|mother|3|2|0|yes|yes|no|yes|yes|yes|no|no|5|3|2|1|1|4|2|True
181|GP|F|16|U|GT3|T|4|2|health|services|home|father|1|2|0|no|no|no|no|yes|yes|yes|yes|4|2|3|1|1|3|0|True
390|GP|F|18|R|GT3|T|2|2|at_home|other|course|mother|2|4|0|no|no|no|yes|yes|yes|no|no|4|4|4|1|1|4|6|True
93|GP|F|16|U|GT3|T|4|2|teacher|services|home|mother|2|2|0|no|yes|no|yes|yes|yes|yes|no|5|3|3|1|1|1|2|True
412|GP|F|18|U|LE3|T|4|2|teacher|other|course|mother|1|2|0|no|yes|no|yes|yes|yes|yes|no|4|2|2|1|1|3|0|True
236|GP|F|16|U|GT3|T|2|3|services|teacher|other|mother|1|2|0|yes|no|no|no|yes|yes|yes|no|2|3|1|1|1|3|0|True
296|GP|M|18|U|GT3|T|2|1|other|other|home|mother|1|2|0|no|no|no|yes|yes|yes|yes|no|5|2|4|1|2|4|2|True
354|GP|F|18|U|GT3|T|2|1|services|other|course|mother|2|2|0|no|yes|no|yes|yes|yes|yes|no|5|3|3|1|2|1|2|True
230|GP|F|17|U|GT3|T|4|3|other|other|reputation|mother|1|2|0|no|no|no|no|yes|yes|yes|yes|3|4|5|2|4|1|16|True
21|GP|M|15|U|GT3|T|4|4|health|health|other|father|1|1|0|no|yes|yes|no|yes|yes|yes|no|5|4|2|1|1|5|0|True
332|GP|F|18|U|GT3|T|2|2|at_home|at_home|other|mother|1|3|0|no|yes|no|no|yes|yes|yes|no|4|3|3|1|2|2|0|True
182|GP|F|16|U|GT3|T|2|2|other|other|home|mother|1|2|0|no|yes|no|no|no|yes|yes|no|5|1|5|1|1|4|0|True
145|GP|F|16|U|GT3|A|3|3|other|other|course|other|2|1|0|no|yes|no|yes|no|yes|yes|yes|4|3|2|1|1|5|4|True
272|GP|M|17|R|GT3|T|1|1|other|other|home|father|2|3|0|no|no|no|no|no|yes|yes|yes|4|3|3|1|1|1|2|True
39|GP|F|15|R|GT3|T|2|2|at_home|other|reputation|mother|1|1|0|yes|yes|no|yes|yes|yes|no|no|4|3|1|1|1|2|8|True
91|GP|F|15|U|GT3|T|4|3|services|other|reputation|mother|1|1|0|no|no|no|yes|yes|yes|yes|no|4|5|5|1|3|1|6|True
326|GP|M|17|U|LE3|A|3|2|teacher|services|home|mother|1|1|0|no|no|no|no|yes|yes|yes|no|4|4|4|3|4|3|18|True
8|GP|M|15|U|LE3|A|3|2|services|other|home|mother|1|2|0|no|yes|no|no|yes|yes|yes|no|4|2|2|1|1|1|0|True
406|GP|F|17|U|GT3|T|3|1|other|at_home|home|mother|1|1|1|no|yes|yes|no|yes|yes|yes|yes|4|1|2|1|1|3|6|True
477|MS|M|15|U|GT3|T|3|3|services|services|course|father|2|1|0|no|yes|no|yes|no|yes|yes|no|4|3|3|2|4|3|11|True
409|GP|M|18|U|LE3|A|3|4|other|other|reputation|other|1|2|0|no|no|no|yes|yes|yes|yes|yes|4|3|5|1|4|2|9|True
463|MS|F|15|R|LE3|T|2|2|other|other|other|father|1|3|0|yes|yes|no|no|yes|yes|no|no|4|4|3|2|2|5|2|True
5|GP|M|16|U|LE3|T|4|3|services|other|reputation|mother|1|2|0|no|yes|no|yes|yes|yes|yes|no|5|4|2|1|2|5|6|True
589|MS|F|17|U|LE3|T|1|2|at_home|other|course|father|1|1|0|no|no|no|no|yes|yes|yes|no|5|5|1|1|1|3|0|True
614|MS|F|17|R|GT3|T|4|4|teacher|services|other|father|2|2|0|no|yes|yes|yes|yes|yes|yes|no|4|3|3|1|2|5|2|True
506|MS|F|20|U|GT3|T|3|3|at_home|services|other|mother|2|2|1|no|no|no|yes|yes|yes|yes|yes|3|3|4|2|4|3|8|True
108|GP|M|15|R|GT3|T|4|4|other|other|home|father|4|4|0|no|yes|no|yes|yes|yes|yes|yes|1|3|5|3|5|1|8|True
422|GP|F|18|U|GT3|T|3|2|services|other|home|mother|1|2|0|no|yes|no|yes|no|yes|yes|yes|3|1|2|1|2|1|4|True
84|GP|F|15|U|GT3|T|1|1|other|other|home|father|1|2|0|no|yes|no|yes|no|yes|yes|no|4|3|2|2|3|4|2|True
115|GP|M|16|U|GT3|T|4|4|teacher|teacher|course|father|1|2|0|no|yes|no|yes|yes|yes|yes|no|5|4|4|1|2|5|6|True
405|GP|F|19|U|LE3|A|2|3|at_home|other|home|other|2|1|1|no|no|no|no|yes|no|yes|no|2|2|3|3|4|5|16|True
133|GP|F|15|U|GT3|T|1|1|at_home|other|course|mother|3|1|0|no|yes|no|yes|no|yes|yes|yes|4|3|3|1|2|4|6|True
114|GP|M|15|R|GT3|T|2|1|health|services|reputation|mother|1|2|0|no|no|no|yes|yes|yes|yes|yes|5|4|2|1|1|5|4|True
387|GP|M|18|U|GT3|T|2|2|other|other|reputation|mother|1|1|0|no|no|no|no|no|yes|yes|no|5|4|2|1|2|5|6|True
253|GP|F|18|U|LE3|A|2|4|services|other|course|mother|2|2|1|no|yes|no|no|yes|yes|yes|no|4|3|3|1|1|3|18|True
557|MS|F|17|R|GT3|T|3|1|other|other|course|mother|2|2|3|no|yes|no|yes|no|yes|yes|yes|5|4|4|1|1|5|2|True
301|GP|M|18|U|GT3|T|4|3|teacher|other|course|mother|1|2|0|no|yes|no|no|no|yes|yes|no|4|3|2|1|1|3|2|True
15|GP|F|16|U|GT3|T|4|4|health|other|home|mother|1|1|0|no|yes|no|no|yes|yes|yes|no|4|4|4|1|2|2|6|True
608|MS|F|18|U|LE3|A|1|1|at_home|services|course|mother|1|2|0|no|no|no|no|yes|yes|no|yes|5|2|3|1|2|3|2|True
319|GP|M|18|U|GT3|T|4|4|teacher|services|home|mother|2|1|0|no|no|no|yes|yes|yes|yes|no|3|2|4|1|4|3|6|True
267|GP|M|17|U|LE3|T|4|3|health|other|course|mother|2|2|0|no|no|no|yes|yes|yes|yes|yes|2|5|5|1|4|5|8|True
490|MS|F|18|R|GT3|T|1|1|at_home|at_home|course|mother|2|1|1|no|no|no|no|no|no|yes|yes|3|2|3|1|1|2|4|True
576|MS|M|18|R|GT3|T|3|2|other|other|course|mother|2|1|0|no|yes|no|no|no|yes|yes|no|2|5|5|5|5|5|8|True
90|GP|F|16|U|GT3|T|3|3|other|other|home|mother|1|3|0|no|yes|no|no|yes|yes|yes|yes|4|3|3|1|3|4|2|True
32|GP|M|15|R|GT3|T|4|3|teacher|at_home|course|mother|1|2|0|no|yes|no|yes|yes|yes|yes|yes|4|5|2|1|1|5|0|True
372|GP|F|17|U|GT3|T|2|2|other|other|course|mother|1|2|0|no|yes|no|no|yes|yes|no|yes|4|2|2|1|1|3|4|True
197|GP|F|17|U|LE3|T|3|3|other|other|reputation|mother|1|2|0|no|yes|no|yes|yes|yes|yes|yes|5|3|3|2|3|1|32|True
140|GP|M|17|R|GT3|T|3|4|at_home|other|course|mother|3|2|0|no|no|no|no|yes|yes|no|no|5|4|5|2|4|5|2|True
200|GP|M|16|U|GT3|T|1|2|services|services|other|mother|1|1|0|no|yes|no|yes|yes|yes|yes|yes|3|3|3|1|2|3|0|True
439|MS|F|15|R|GT3|T|3|3|other|services|course|father|2|1|0|no|no|no|no|no|yes|yes|no|4|1|3|1|1|4|0|True
379|GP|M|17|R|GT3|T|2|2|services|other|course|mother|4|1|0|no|yes|no|no|yes|yes|yes|no|4|4|5|5|5|4|2|True
627|MS|M|18|R|LE3|T|1|2|at_home|services|other|father|3|1|0|no|yes|no|yes|yes|no|yes|yes|4|3|3|2|3|3|3|True
89|GP|M|16|U|LE3|A|4|4|teacher|health|reputation|mother|1|2|0|no|yes|no|no|yes|yes|no|no|4|1|3|3|5|5|6|True
258|GP|F|17|U|GT3|T|3|2|other|other|course|father|1|2|0|no|no|no|yes|yes|yes|no|no|5|4|2|1|1|3|4|True
118|GP|M|17|R|GT3|T|1|3|other|other|course|father|3|2|1|no|yes|no|yes|yes|yes|yes|no|5|2|4|1|4|5|14|True
96|GP|M|16|R|GT3|T|4|3|services|other|reputation|mother|2|1|0|yes|yes|yes|yes|no|yes|yes|no|3|3|3|1|1|4|6|True
364|GP|F|17|U|GT3|T|4|4|health|health|course|mother|1|1|0|no|no|no|yes|yes|yes|yes|no|5|3|4|1|2|5|2|True
550|MS|M|16|U|LE3|A|2|2|other|services|course|father|2|2|0|no|yes|no|no|no|yes|yes|yes|4|1|2|2|2|5|0|True
222|GP|F|16|U|GT3|T|1|1|at_home|other|home|mother|2|1|0|no|yes|no|no|yes|yes|no|no|4|3|2|1|4|5|2|True
274|GP|F|17|U|GT3|T|1|1|at_home|other|course|mother|1|2|0|yes|no|no|no|no|yes|no|yes|4|3|2|1|1|4|10|True
437|MS|F|16|R|GT3|T|0|2|other|other|other|mother|2|1|0|no|yes|no|yes|yes|yes|no|no|3|2|3|1|2|2|0|True
469|MS|M|16|U|GT3|T|4|4|other|teacher|course|father|1|2|0|no|yes|no|yes|yes|yes|no|yes|4|3|1|1|1|3|0|True
167|GP|F|17|U|GT3|T|4|4|other|teacher|course|mother|1|1|0|yes|yes|no|no|yes|yes|no|yes|4|2|1|1|1|4|0|True
45|GP|F|15|U|LE3|A|4|3|other|other|course|mother|1|2|0|yes|yes|yes|yes|yes|yes|yes|yes|5|2|2|1|1|5|4|True
374|GP|F|17|U|GT3|T|3|1|services|services|course|father|1|3|0|no|yes|no|no|no|yes|yes|no|3|4|3|2|3|5|0|True
120|GP|F|15|U|GT3|T|1|2|at_home|services|course|mother|1|2|0|no|no|no|no|no|yes|yes|no|3|2|3|1|2|1|0|True
414|GP|F|20|R|GT3|T|1|1|other|other|reputation|other|2|3|0|no|no|no|no|yes|yes|yes|yes|3|2|2|1|3|3|8|True
621|MS|F|17|R|GT3|T|1|2|other|services|course|father|2|2|0|no|no|no|no|no|yes|no|no|3|2|2|1|2|3|0|True
80|GP|M|15|U|GT3|T|2|3|other|services|course|father|1|1|0|yes|yes|no|yes|no|yes|yes|yes|3|2|2|1|3|3|0|True
504|MS|F|19|U|LE3|T|2|2|other|other|home|mother|1|3|0|no|no|no|no|yes|yes|yes|yes|5|4|5|1|1|1|0|True
542|MS|F|16|U|GT3|T|4|4|teacher|services|course|mother|2|3|0|no|yes|no|no|yes|yes|yes|yes|5|3|5|1|4|5|1|True
431|MS|F|17|R|GT3|T|3|2|at_home|other|course|father|1|2|1|no|no|no|no|yes|yes|no|yes|4|5|4|1|2|5|0|True
485|MS|F|17|R|GT3|T|2|2|at_home|other|course|mother|2|2|0|no|yes|no|no|yes|yes|yes|no|4|3|5|1|2|4|0|True
270|GP|M|16|U|GT3|T|4|4|services|services|course|mother|1|1|0|no|no|yes|yes|yes|yes|yes|no|5|3|2|1|2|5|4|True
128|GP|M|16|R|GT3|T|4|4|teacher|teacher|course|mother|1|1|0|no|no|no|yes|yes|yes|yes|no|3|5|5|2|5|4|8|True
213|GP|F|16|U|LE3|T|4|4|teacher|teacher|reputation|mother|1|2|0|no|yes|no|no|yes|yes|yes|no|4|5|2|1|2|3|0|True
36|GP|M|15|U|LE3|T|4|3|teacher|services|home|mother|1|3|0|no|yes|no|yes|yes|yes|yes|no|5|4|3|1|1|4|0|True
86|GP|F|16|U|LE3|T|2|2|at_home|other|course|mother|1|2|0|no|yes|no|no|yes|yes|no|no|4|3|4|1|2|2|6|True
268|GP|M|17|R|LE3|A|4|4|teacher|other|course|mother|2|2|0|no|yes|no|no|yes|yes|yes|no|3|3|3|2|3|4|0|True
208|GP|M|16|U|GT3|T|2|3|other|other|home|father|2|1|0|no|no|no|no|yes|yes|yes|no|5|3|3|1|1|3|0|True
384|GP|M|19|R|GT3|T|3|2|at_home|services|home|other|1|1|0|no|yes|no|no|no|yes|no|yes|5|3|4|2|2|5|0|True
541|MS|F|17|R|GT3|T|2|2|other|other|other|mother|2|2|0|yes|no|yes|no|yes|yes|no|no|5|1|3|1|1|5|0|True
399|GP|F|18|U|GT3|T|3|2|other|services|other|mother|1|3|0|no|no|no|no|yes|yes|yes|yes|5|4|3|2|3|1|4|True
183|GP|F|16|U|GT3|T|4|4|health|health|reputation|mother|1|2|0|no|yes|no|no|yes|yes|yes|yes|4|4|2|1|1|3|0|True
328|GP|F|18|U|GT3|T|1|1|other|other|home|mother|2|2|0|yes|no|no|yes|yes|yes|yes|no|5|4|4|1|1|4|0|True
529|MS|F|16|U|LE3|T|4|4|services|services|other|father|2|1|0|no|yes|no|no|yes|yes|no|no|5|1|3|1|2|5|1|True
12|GP|M|15|U|LE3|T|4|4|health|services|course|father|1|1|0|no|yes|no|yes|yes|yes|yes|no|4|3|3|1|3|5|0|True
265|GP|F|17|R|LE3|T|1|1|at_home|other|course|mother|2|3|0|no|no|no|yes|yes|yes|yes|no|4|3|3|1|3|5|4|True
171|GP|M|16|R|GT3|T|2|2|at_home|other|course|mother|3|1|0|no|no|no|no|no|yes|no|no|4|2|2|1|2|3|4|True
363|GP|F|18|U|GT3|T|3|4|other|other|course|mother|1|1|0|no|yes|no|yes|yes|yes|yes|yes|5|4|4|1|1|1|4|True
551|MS|M|17|U|GT3|T|3|2|other|other|other|father|2|2|0|no|yes|yes|no|yes|yes|yes|no|4|1|2|2|2|1|0|True
515|MS|F|18|U|LE3|T|1|1|other|at_home|reputation|mother|2|2|0|yes|no|no|no|yes|yes|no|no|2|3|5|1|4|3|8|True
481|MS|F|17|R|GT3|T|2|1|at_home|other|course|mother|3|1|0|no|yes|no|yes|yes|no|no|yes|5|5|3|1|1|3|2|True
342|GP|F|18|U|LE3|T|4|3|other|other|home|other|2|2|0|no|yes|no|no|yes|yes|yes|yes|4|4|5|1|2|2|0|True
544|MS|M|17|R|LE3|T|1|3|other|other|course|father|2|1|0|no|no|no|yes|yes|yes|no|yes|5|1|2|3|3|5|2|True
225|GP|M|17|U|LE3|T|4|4|services|other|home|mother|1|2|0|no|yes|no|no|yes|yes|yes|yes|5|3|5|4|5|3|15|True
112|GP|F|16|U|GT3|T|2|2|at_home|other|home|mother|1|2|1|yes|no|no|yes|yes|yes|yes|no|3|1|2|1|1|5|12|True
264|GP|F|17|U|LE3|A|2|2|other|other|home|mother|1|1|1|no|yes|no|no|no|no|yes|no|3|1|2|1|1|1|8|True
196|GP|F|17|U|GT3|T|2|4|services|services|reputation|father|1|2|0|no|yes|no|yes|yes|yes|no|no|5|4|2|2|3|5|0|True
24|GP|F|15|R|GT3|T|2|4|services|health|course|mother|1|3|0|yes|yes|no|yes|yes|yes|yes|no|4|3|2|1|1|5|2|True
149|GP|M|15|U|GT3|T|4|3|teacher|services|course|father|2|4|0|yes|yes|no|no|yes|yes|yes|no|2|2|2|1|1|3|6|True
357|GP|F|18|U|GT3|T|4|3|other|other|course|mother|1|3|0|no|yes|no|yes|yes|yes|yes|yes|4|3|4|1|1|5|2|True
102|GP|M|15|U|GT3|T|4|4|services|other|course|mother|1|1|0|no|yes|yes|yes|no|yes|yes|no|5|3|3|1|1|5|2|True
299|GP|F|20|R|GT3|T|2|1|other|other|course|other|2|2|0|no|yes|yes|yes|yes|no|yes|yes|1|2|3|1|2|2|8|True
307|GP|M|17|U|GT3|T|3|1|services|other|other|mother|1|2|0|no|no|no|yes|yes|yes|yes|yes|5|4|4|3|4|5|0|True
158|GP|F|15|U|GT3|T|3|2|health|services|home|father|1|2|1|no|yes|no|no|yes|yes|yes|no|3|3|2|1|1|3|2|True
153|GP|F|15|U|GT3|T|4|4|teacher|services|course|mother|1|3|0|no|yes|no|yes|yes|yes|yes|no|4|2|2|1|1|5|2|True
251|GP|F|16|U|GT3|T|2|1|other|other|home|mother|1|1|0|no|no|no|no|yes|yes|yes|yes|4|5|2|1|1|5|4|True
229|GP|F|17|U|LE3|T|3|2|other|other|reputation|mother|2|2|0|no|no|no|no|yes|yes|yes|no|4|4|4|1|3|1|2|True
483|MS|F|16|R|GT3|T|2|2|other|other|course|father|3|2|0|no|yes|no|no|yes|no|yes|no|3|4|5|1|2|1|1|True
224|GP|F|19|U|GT3|T|3|3|other|other|reputation|other|1|4|0|no|yes|no|yes|yes|yes|yes|no|4|3|3|1|2|3|4|True
401|GP|M|18|U|GT3|T|4|3|teacher|other|course|mother|1|3|0|no|yes|no|no|yes|yes|yes|yes|5|4|5|2|3|5|0|True
606|MS|F|17|U|GT3|T|4|2|teacher|other|course|father|2|4|0|no|no|no|no|yes|yes|yes|yes|4|2|3|3|1|5|0|True
472|MS|F|16|R|LE3|T|2|2|other|other|home|father|3|1|0|no|yes|no|yes|yes|yes|no|yes|4|3|2|1|1|4|0|True
618|MS|F|18|R|LE3|A|1|2|at_home|other|course|mother|3|2|0|no|no|no|no|yes|yes|no|yes|4|3|4|1|4|5|0|True
360|GP|F|18|U|GT3|T|3|3|at_home|other|course|father|1|2|0|no|yes|no|no|yes|yes|yes|no|4|1|4|1|1|3|8|True
122|GP|F|16|U|LE3|T|2|4|other|health|course|father|2|2|0|no|yes|no|yes|yes|yes|yes|yes|4|2|2|1|2|5|2|True
71|GP|M|15|U|GT3|T|4|2|other|other|course|mother|1|4|0|no|no|no|no|yes|yes|yes|no|3|3|3|1|1|3|0|True
61|GP|F|16|U|GT3|T|1|1|services|services|course|father|4|1|0|yes|yes|no|yes|no|yes|yes|yes|5|5|5|5|5|5|0|True
410|GP|F|17|U|GT3|T|2|2|services|services|reputation|mother|1|2|0|no|yes|no|yes|yes|yes|yes|no|4|3|4|1|3|4|0|True
94|GP|M|15|U|LE3|T|2|2|services|health|reputation|mother|1|4|0|no|yes|no|yes|yes|yes|yes|no|4|3|4|1|1|4|2|True
426|MS|F|15|R|GT3|T|3|3|at_home|other|course|mother|2|1|0|no|yes|no|no|yes|yes|yes|no|5|4|4|2|3|5|4|True
130|GP|F|15|R|GT3|T|3|4|services|teacher|course|father|2|3|0|no|yes|no|no|yes|yes|yes|yes|4|2|2|2|2|5|0|True
645|MS|F|18|U|LE3|T|3|1|teacher|services|course|mother|1|2|0|no|yes|no|no|yes|yes|yes|no|4|3|4|1|1|1|4|True
77|GP|F|16|U|GT3|T|2|2|other|other|reputation|mother|1|4|0|no|no|no|no|yes|yes|yes|yes|5|2|3|1|3|3|1|True
402|GP|F|17|U|GT3|T|4|3|health|other|reputation|mother|1|3|0|no|yes|no|yes|yes|yes|yes|yes|4|4|3|1|3|4|0|True
13|GP|M|15|U|GT3|T|4|3|teacher|other|course|mother|2|2|0|no|yes|no|no|yes|yes|yes|no|5|4|3|1|2|3|0|True
330|GP|F|18|U|GT3|T|2|1|other|other|reputation|mother|2|2|0|no|no|no|yes|yes|yes|yes|yes|4|3|1|1|1|5|10|True
185|GP|M|16|U|GT3|T|1|0|other|other|reputation|mother|2|2|0|no|yes|no|yes|yes|yes|yes|yes|4|3|2|1|1|3|0|True
535|MS|M|15|R|GT3|T|1|2|other|services|course|mother|3|2|0|no|yes|no|yes|yes|yes|no|no|5|5|5|1|3|5|11|True
388|GP|F|18|U|GT3|T|3|3|services|services|home|mother|1|2|0|no|no|no|yes|yes|yes|yes|no|5|3|4|1|1|4|8|True
188|GP|F|16|U|LE3|T|3|3|other|other|reputation|mother|2|2|0|no|yes|no|yes|yes|yes|yes|no|4|4|5|1|1|4|0|True
35|GP|F|15|U|GT3|T|2|3|other|other|other|father|2|1|0|no|yes|no|yes|yes|yes|no|no|3|5|1|1|1|5|4|True
473|MS|M|16|U|LE3|T|2|1|at_home|services|course|mother|2|1|0|no|yes|no|yes|yes|yes|yes|no|2|4|3|2|3|4|4|True
312|GP|F|18|U|GT3|T|2|3|other|services|reputation|father|1|4|0|no|yes|no|yes|yes|yes|yes|yes|4|5|5|1|3|2|10|True
240|GP|F|17|U|GT3|T|3|2|other|other|course|mother|1|2|0|no|no|no|yes|no|yes|yes|no|5|3|4|1|3|3|2|True
498|MS|F|16|U|GT3|T|2|1|other|services|course|mother|1|2|0|no|yes|no|yes|yes|yes|yes|no|5|3|3|1|1|1|0|True
60|GP|F|16|R|GT3|T|4|4|health|teacher|other|mother|1|2|0|no|yes|no|yes|yes|yes|no|no|2|4|4|2|3|4|0|True
446|MS|M|15|U|LE3|T|3|3|at_home|at_home|reputation|father|1|2|0|no|yes|no|yes|yes|yes|yes|no|5|3|3|1|1|5|0|True
202|GP|F|17|U|GT3|A|3|3|health|other|reputation|mother|1|2|0|no|yes|no|no|no|yes|yes|yes|3|3|3|1|3|3|10|True
647|MS|M|17|U|LE3|T|3|1|services|services|course|mother|2|1|0|no|no|no|no|no|yes|yes|no|2|4|5|3|4|2|6|True
46|GP|F|16|U|LE3|A|3|3|other|services|home|mother|1|2|0|no|yes|no|no|yes|yes|yes|no|2|3|5|1|4|3|6|True
277|GP|F|17|U|GT3|T|1|1|other|services|course|father|1|2|0|no|yes|no|no|yes|yes|no|no|4|3|4|1|2|5|4|True
594|MS|F|18|U|GT3|T|4|4|teacher|teacher|reputation|mother|2|2|0|no|no|no|yes|no|yes|yes|no|4|3|5|1|2|1|0|True
471|MS|F|16|R|GT3|T|2|2|at_home|other|course|mother|2|2|1|no|yes|no|yes|no|yes|no|no|4|4|4|2|3|5|2|True
417|GP|F|18|U|GT3|T|3|2|at_home|other|reputation|father|1|3|0|no|yes|no|no|yes|yes|yes|yes|4|3|4|1|2|2|5|True
329|GP|F|17|U|GT3|T|2|2|other|other|course|mother|1|2|0|no|yes|no|no|no|yes|yes|no|5|4|5|1|2|5|12|True
281|GP|M|16|U|GT3|T|0|2|other|other|other|mother|1|1|0|no|no|no|no|no|yes|yes|no|4|3|2|2|4|5|0|True
458|MS|F|16|R|GT3|T|1|1|other|other|home|father|4|4|0|no|yes|no|no|no|yes|yes|no|4|3|2|1|1|1|0|True
598|MS|M|18|U|LE3|T|1|2|at_home|services|home|mother|2|1|0|no|yes|no|no|no|yes|no|no|4|1|4|5|5|1|8|True
335|GP|M|18|U|LE3|A|4|4|teacher|teacher|reputation|mother|1|2|0|no|yes|no|yes|yes|yes|yes|no|5|4|3|1|1|2|0|True
495|MS|F|16|U|GT3|T|3|3|other|other|reputation|mother|1|1|0|no|no|no|yes|yes|no|yes|yes|4|5|4|1|1|4|0|True
66|GP|M|15|U|GT3|A|4|4|other|services|reputation|mother|1|4|0|no|yes|no|yes|no|yes|yes|yes|1|3|3|5|5|3|0|True
510|MS|F|17|R|GT3|T|2|2|other|other|reputation|mother|2|2|0|no|yes|no|yes|yes|yes|no|no|5|3|2|1|1|1|0|True
599|MS|M|18|R|GT3|T|4|4|at_home|services|other|mother|3|1|0|no|yes|yes|yes|yes|yes|yes|yes|2|5|5|1|1|1|5|True
110|GP|M|15|U|LE3|A|4|4|teacher|teacher|course|mother|1|1|0|no|no|no|yes|yes|yes|yes|no|5|5|3|1|1|4|4|True
433|MS|F|15|R|GT3|T|4|4|teacher|other|course|mother|2|1|0|no|no|no|no|yes|yes|yes|yes|1|5|1|3|5|5|0|True
88|GP|M|16|U|GT3|T|2|2|services|other|reputation|father|2|2|0|no|no|no|yes|no|yes|yes|no|4|4|2|1|1|3|6|True
591|MS|F|18|U|GT3|T|2|2|services|at_home|reputation|father|2|2|0|no|no|no|yes|no|yes|yes|no|4|3|5|1|1|1|2|True
636|MS|M|18|U|GT3|T|4|4|teacher|teacher|home|father|1|2|0|no|no|no|yes|no|yes|yes|no|3|2|4|1|4|2|4|True
9|GP|M|15|U|GT3|T|3|4|other|other|home|mother|1|2|0|no|yes|no|yes|yes|yes|yes|no|5|5|1|1|1|5|0|True
407|GP|F|21|U|LE3|T|4|4|other|other|reputation|other|1|3|2|no|no|yes|yes|yes|yes|yes|no|3|3|2|1|1|5|0|True
317|GP|F|17|U|LE3|T|2|2|services|other|course|mother|2|2|0|yes|yes|no|no|yes|yes|yes|yes|4|4|4|2|3|5|6|True
462|MS|F|15|R|GT3|T|1|1|at_home|at_home|course|father|3|2|0|no|yes|no|no|yes|yes|no|no|4|2|1|1|2|2|0|True
143|GP|F|18|U|GT3|A|3|2|other|services|course|other|1|3|0|no|yes|no|yes|no|yes|yes|yes|4|3|3|5|1|5|10|True
456|MS|F|16|U|GT3|T|1|1|at_home|other|course|father|1|2|0|no|yes|no|no|no|yes|no|yes|5|4|3|2|1|2|0|True
34|GP|M|16|U|GT3|T|3|2|other|other|home|mother|1|1|0|no|yes|no|no|no|yes|yes|no|5|4|3|1|1|5|4|True
546|MS|F|17|U|GT3|T|4|4|health|health|course|father|1|2|0|no|yes|no|no|yes|yes|yes|no|5|2|5|1|1|5|0|True
217|GP|F|17|R|GT3|T|2|2|other|other|reputation|mother|1|1|0|no|yes|no|no|yes|yes|yes|no|5|3|2|1|2|3|21|True
336|GP|M|18|U|GT3|T|4|2|teacher|other|home|mother|1|2|0|no|yes|no|yes|yes|yes|yes|yes|4|3|2|1|4|5|2|True
325|GP|M|17|U|LE3|A|4|1|services|other|home|mother|2|1|0|no|no|no|yes|yes|yes|yes|yes|4|5|4|2|4|5|22|True
30|GP|M|15|U|GT3|T|4|4|health|services|home|mother|1|2|0|no|yes|yes|no|no|yes|yes|no|5|4|2|3|4|5|0|True
42|GP|M|15|U|GT3|T|4|4|services|teacher|course|father|1|2|0|no|yes|no|yes|yes|yes|yes|no|4|3|3|1|1|5|0|True
75|GP|M|15|U|GT3|T|4|3|teacher|other|home|mother|1|2|0|no|yes|no|yes|yes|yes|yes|no|4|3|3|2|3|5|0|True
487|MS|F|18|R|LE3|A|3|2|other|other|course|other|2|3|2|no|yes|no|no|no|no|no|yes|3|3|2|1|1|2|6|True
82|GP|F|15|U|LE3|T|3|2|services|other|reputation|mother|1|2|0|no|yes|no|no|yes|yes|yes|no|4|4|4|1|1|5|4|True
207|GP|M|16|R|GT3|T|3|3|services|services|reputation|mother|1|1|0|no|yes|no|yes|yes|yes|yes|no|4|3|2|3|4|5|0|True
467|MS|F|16|R|GT3|T|2|2|other|services|course|father|3|2|0|no|yes|no|yes|yes|yes|yes|no|5|3|4|1|1|2|1|True
613|MS|F|18|U|GT3|T|3|3|services|services|course|father|1|2|0|no|yes|no|no|yes|yes|no|yes|5|3|4|1|1|5|0|True
